PATIENT_FREEWILL,PATIENT_FATIGUE,DOCTOR_START,ROBOT_SPEED,ROBOT_CHARGE,PR.SCS_LOWER_BOUND,PR.SCS_UPPER_BOUND
foc,y/s,"4417.00, 761.20",73.91199092609162,12.12155465213293,0.741134,1.0
distr,y/h,"1452.00, 163.50",53.17547137846076,12.39496273540764,0.0667395,0.652453
foc,y/s,"2253.50, 267.50",61.09304167863608,11.90979814048411,0.741134,1.0
free,y/h,"4417.00, 163.50",31.10793898165262,11.424341802068852,0.0,0.258866
distr,y/h,"92.50, 761.20",85.4245068800835,11.983611299950491,0.187086,0.812914
distr,c,"92.50, 163.50",64.65375662171803,11.165010510188417,0.00252858,0.445016
distr,y/h,"92.50, 163.50",69.2682083189336,12.176112825920615,0.0667395,0.652453
distr,c,"3062.50, 163.50",99.4659808625637,12.309486511791636,0.0252107,0.556095
distr,c,"1452.00, 761.20",70.96813681790753,11.771395862166978,0.0252107,0.556095
foc,y/s,"1452.00, 761.20",58.640201141824164,11.581743146263317,0.741134,1.0
foc,e/s,"3062.50, 761.20",69.13085426977514,11.981082038297043,0.741134,1.0
free,y/s,"4417.00, 163.50",43.97973394355793,11.542924216330272,0.741134,1.0
free,e/h,"4417.00, 163.50",52.888005465068275,12.254961256185682,0.554984,0.997471
free,y/s,"4417.00, 761.20",35.91135690003795,11.424293362480237,0.0,0.258866
free,e/s,"4417.00, 761.20",41.21205813539654,12.3704832528025,0.0252107,0.556095
free,e/h,"1452.00, 761.20",63.23267299840934,12.009419868469632,0.741134,1.0
distr,e/h,"1452.00, 163.50",99.5803028140902,12.381377223744643,0.0252107,0.556095
free,y/h,"1452.00, 761.20",89.8343231581089,11.41595708514287,0.741134,1.0
free,e/h,"92.50, 163.50",92.87902353421546,11.982161029103551,0.262378,0.878448
distr,e/h,"4417.00, 163.50",56.99263181053064,11.417627947784442,0.0667395,0.652453
distr,y/s,"1452.00, 761.20",39.02358507354793,11.453230591726248,0.0,0.258866
distr,y/h,"3062.50, 761.20",46.62342790798931,11.836473393273314,0.00252858,0.445016
foc,c,"3062.50, 761.20",36.25020748787021,11.36758911880055,0.0,0.258866
free,e/s,"3062.50, 163.50",63.249582661100895,12.274797594329407,0.554984,0.997471
distr,e/s,"1452.00, 761.20",38.80053279990329,11.842803989633191,0.0,0.258866
free,e/h,"3062.50, 163.50",95.2819583660123,11.55007409838913,0.741134,1.0
distr,e/s,"3062.50, 761.20",93.5229953422872,11.810572559325971,0.0252107,0.556095
foc,c,"4417.00, 761.20",30.22471179488383,11.11536317699889,0.0,0.258866
foc,e/h,"4417.00, 163.50",73.26087342797896,11.573435668607258,0.741134,1.0
distr,y/s,"1452.00, 163.50",73.23361758986451,11.988815753794126,0.121552,0.737622
free,e/h,"4417.00, 761.20",80.45255348625383,12.397427167377094,0.741134,1.0
free,e/h,"4417.00, 163.50",79.16932777837391,11.160403748612202,0.741134,1.0
free,e/s,"2253.50, 267.50",50.871505504265365,11.241808638186223,0.741134,1.0
foc,e/s,"92.50, 761.20",32.16045525055704,12.26488325460227,0.0,0.258866
distr,e/h,"1452.00, 163.50",37.1110694109734,11.216144771250573,0.0,0.258866
foc,c,"4417.00, 163.50",54.51883941380113,11.501497963722931,0.0,0.258866
free,e/s,"1452.00, 761.20",30.774783059511098,11.530057474671851,0.0,0.258866
distr,e/s,"1452.00, 761.20",52.181975465531785,12.339979047228054,0.0,0.258866
foc,y/h,"1452.00, 163.50",35.296562741157885,12.376857118104649,0.0,0.258866
distr,c,"1452.00, 163.50",84.53283398561402,11.44349100299628,0.0252107,0.556095
foc,y/h,"92.50, 163.50",44.643390922487605,12.255429480174625,0.741134,1.0
distr,c,"3062.50, 761.20",62.31190911461933,11.658209391714228,0.00252858,0.445016
foc,y/h,"4417.00, 163.50",93.61253976426983,11.46702550031436,0.0667395,0.652453
free,y/h,"2253.50, 267.50",74.30119853699077,11.404357338716714,0.741134,1.0
foc,c,"3062.50, 163.50",68.53900221826177,11.844596538773423,0.443905,0.974789
distr,y/s,"3062.50, 163.50",45.09845883027113,11.666452745174787,0.0,0.258866
distr,c,"4417.00, 761.20",84.06180341122754,12.085346550516789,0.121552,0.737622
free,c,"92.50, 163.50",90.74433515761658,11.314401959434058,0.0,0.258866
foc,y/s,"4417.00, 163.50",54.242999792370846,11.183763755162321,0.741134,1.0
free,y/s,"1452.00, 761.20",82.12810028299685,11.239484029686738,0.741134,1.0
free,c,"92.50, 163.50",64.97714301824968,11.631745826341426,0.0,0.258866
distr,y/s,"92.50, 163.50",60.73417117949204,11.413279236178905,0.0252107,0.556095
free,e/h,"1452.00, 761.20",85.5660047719719,11.232959273075254,0.741134,1.0
distr,e/s,"1452.00, 761.20",49.620860815240306,11.19309067413417,0.0,0.258866
foc,c,"4417.00, 761.20",74.84720691740634,11.241639711922707,0.0667395,0.652453
foc,y/s,"1452.00, 163.50",44.28588401520814,11.725013760490496,0.554984,0.997471
distr,y/s,"3062.50, 761.20",41.75791214227847,12.032092885679637,0.0,0.258866
foc,c,"2253.50, 267.50",38.68901366091603,12.112332297093069,0.0,0.258866
distr,c,"3062.50, 163.50",44.75609121996626,12.308984057106047,0.0,0.258866
free,e/h,"4417.00, 761.20",87.68473205855204,12.355644024660855,0.741134,1.0
distr,e/h,"2253.50, 267.50",78.07785697163521,11.2445751357929,0.187086,0.812914
foc,e/h,"1452.00, 163.50",83.80996512541293,11.402494221155147,0.741134,1.0
distr,e/h,"4417.00, 761.20",60.964549210541804,11.26482433122079,0.00252858,0.445016
foc,y/h,"2253.50, 267.50",68.44209882201349,11.12151024628012,0.0,0.258866
free,c,"3062.50, 163.50",67.42367513824345,11.94916503274071,0.0,0.258866
free,y/h,"4417.00, 163.50",53.8005213543174,12.199076382666945,0.741134,1.0
foc,e/h,"4417.00, 761.20",79.9315006871952,11.491758181941094,0.741134,1.0
free,e/h,"3062.50, 761.20",43.47069033654552,11.154987695322937,0.0,0.258866
distr,e/h,"3062.50, 163.50",97.51748738688869,12.075893768665695,0.00252858,0.445016
free,e/s,"4417.00, 163.50",90.43298389527402,12.054517841255812,0.00252858,0.445016
foc,y/s,"1452.00, 163.50",64.83008233290037,11.538294172049152,0.741134,1.0
foc,e/s,"3062.50, 163.50",99.76390678916287,11.938971805016946,0.741134,1.0
distr,y/s,"1452.00, 761.20",31.577239691990105,11.505632284484864,0.0,0.258866
free,e/s,"2253.50, 267.50",79.07707199528565,12.262103141286879,0.741134,1.0
distr,c,"1452.00, 163.50",95.75033326429747,12.186552139344625,0.00252858,0.445016
distr,y/h,"1452.00, 163.50",42.46806221983566,12.300631195423964,0.00252858,0.445016
free,e/s,"1452.00, 761.20",72.39911281070779,12.096756565608633,0.741134,1.0
free,e/s,"4417.00, 163.50",91.72576902131577,12.10266808705424,0.741134,1.0
foc,y/h,"4417.00, 163.50",81.11819675074435,11.171080128368743,0.741134,1.0
free,y/h,"4417.00, 163.50",67.68249691204643,11.573332560921616,0.741134,1.0
free,y/s,"92.50, 163.50",38.55043386358233,11.698946832240946,0.0,0.258866
foc,c,"4417.00, 761.20",48.67488596680033,11.59557785423009,0.0,0.258866
free,y/h,"3062.50, 761.20",72.96735701995976,11.825704288014672,0.741134,1.0
distr,c,"4417.00, 761.20",61.97533335692066,11.591451092161883,0.0,0.258866
free,y/h,"92.50, 163.50",59.9539919435151,11.368325140198854,0.741134,1.0
free,e/s,"3062.50, 163.50",72.73301076061054,12.154662558588463,0.741134,1.0
distr,e/s,"1452.00, 761.20",65.65118065476943,12.295370428273566,0.0252107,0.556095
foc,y/h,"92.50, 761.20",83.65276326587042,12.05650987189539,0.741134,1.0
distr,e/h,"2253.50, 267.50",75.82910990353923,11.771864332986004,0.00252858,0.445016
free,e/h,"92.50, 163.50",50.77567033333683,11.949219428842166,0.554984,0.997471
foc,c,"4417.00, 163.50",58.88426193833391,11.371239009201911,0.0,0.258866
free,c,"4417.00, 163.50",87.56216491950633,11.918200881714247,0.443905,0.974789
foc,e/h,"1452.00, 163.50",57.48428070690544,11.878859376525586,0.741134,1.0
free,e/h,"4417.00, 163.50",78.75687666305323,11.292084307500218,0.741134,1.0
distr,e/h,"2253.50, 267.50",60.22901875947834,11.321872496988409,0.0667395,0.652453
foc,y/h,"3062.50, 163.50",80.2342271168043,11.393166891610525,0.741134,1.0
foc,e/s,"92.50, 163.50",55.87571574138914,11.417707275785958,0.741134,1.0
free,y/h,"2253.50, 267.50",74.21978333520119,12.211923190809102,0.741134,1.0
free,e/s,"4417.00, 761.20",51.93398250227006,11.382832412427003,0.741134,1.0
foc,y/h,"2253.50, 267.50",35.55602201412145,11.341720662150319,0.0,0.258866
foc,c,"1452.00, 163.50",64.20527638510353,11.17869680688919,0.0,0.258866
foc,e/s,"3062.50, 761.20",37.82370245479849,12.368868694371956,0.0,0.258866
distr,e/h,"92.50, 163.50",40.12157658289997,11.982429580924359,0.0,0.258866
distr,e/h,"1452.00, 163.50",51.88155830347711,11.858804412869548,0.0252107,0.556095
free,y/s,"4417.00, 761.20",35.4753153408005,11.268509381785089,0.0,0.258866
free,e/h,"1452.00, 163.50",68.91323495225998,12.199248815843655,0.741134,1.0
foc,c,"3062.50, 761.20",84.58288972052605,12.221967117529314,0.00252858,0.445016
distr,e/h,"3062.50, 761.20",67.85550388602203,12.3756858519543,0.121552,0.737622
free,e/h,"2253.50, 267.50",54.15184311838584,12.045984688908884,0.741134,1.0
foc,y/h,"3062.50, 761.20",80.05618293871963,11.904486251783858,0.741134,1.0
distr,y/s,"1452.00, 761.20",37.91589118168176,11.120719673615238,0.0,0.258866
free,y/h,"92.50, 761.20",87.29439344391848,11.352077597978944,0.741134,1.0
free,e/h,"1452.00, 163.50",49.42583973394858,11.222631026007921,0.741134,1.0
foc,y/s,"3062.50, 761.20",41.09993361066445,11.536200305747414,0.0,0.258866
free,y/h,"3062.50, 163.50",76.22034024332908,11.278947897363453,0.741134,1.0
foc,c,"4417.00, 163.50",84.27825724181366,12.369220501540042,0.0,0.258866
free,e/h,"1452.00, 761.20",55.117641516141276,11.7020956102054,0.741134,1.0
distr,e/s,"4417.00, 761.20",42.276369019335434,11.119006386249023,0.0,0.258866
free,e/s,"1452.00, 761.20",65.53861340554099,11.29698047559786,0.741134,1.0
distr,c,"4417.00, 761.20",42.752327174969466,12.33073557881879,0.0,0.258866
foc,c,"2253.50, 267.50",56.22185788203838,11.176364719701086,0.0,0.258866
foc,e/h,"92.50, 163.50",35.361116392552965,11.921673396048124,0.0,0.258866
foc,y/h,"1452.00, 163.50",45.53823283959934,12.124079747798483,0.443905,0.974789
foc,y/h,"1452.00, 761.20",45.246492990374534,11.287095047881376,0.0,0.258866
distr,y/s,"92.50, 163.50",78.35448981805624,12.356727469250691,0.0667395,0.652453
free,e/h,"92.50, 761.20",36.58902699491132,11.566081640468024,0.0,0.258866
distr,e/s,"1452.00, 163.50",74.06554776423435,11.140449346826761,0.0,0.258866
distr,e/s,"1452.00, 163.50",88.13231874958565,11.611603822688995,0.121552,0.737622
free,c,"1452.00, 163.50",91.29560714354443,11.808467979710183,0.347547,0.93326
foc,e/h,"2253.50, 267.50",63.58537926432405,12.029647432070457,0.741134,1.0
distr,c,"3062.50, 163.50",52.99448945558727,11.280318477342114,0.00252858,0.445016
distr,e/s,"4417.00, 761.20",76.86119986467062,11.313968672968944,,
foc,y/s,"3062.50, 761.20",93.93433691324145,11.74418640317408,0.0667395,0.652453
free,e/h,"3062.50, 761.20",44.148355677741044,11.417441761379663,0.121552,0.737622
free,e/s,"2253.50, 267.50",69.23699563514046,12.348786109608099,0.741134,1.0
free,e/s,"4417.00, 761.20",66.42613880329013,11.64822332978168,0.741134,1.0
foc,y/h,"92.50, 761.20",62.40266241096355,12.322111383013695,0.741134,1.0
distr,y/h,"92.50, 761.20",33.53892786389679,12.200099709747585,,
free,y/s,"92.50, 163.50",93.73639218746563,12.273462033523625,0.0,0.258866
distr,y/s,"3062.50, 761.20",89.38476231265984,11.174758342732707,0.0252107,0.556095
free,y/s,"4417.00, 163.50",96.68623528264261,11.438135785179885,0.741134,1.0
distr,e/h,"92.50, 163.50",60.19703253922468,12.077279974633788,0.00252858,0.445016
distr,y/h,"92.50, 761.20",67.49745720226186,11.756463180533194,0.0667395,0.652453
foc,y/h,"1452.00, 163.50",74.82931659966442,11.382072707837604,0.741134,1.0
free,y/h,"4417.00, 761.20",52.954182018029584,11.873188997595621,0.741134,1.0
distr,y/h,"1452.00, 163.50",73.27079287350534,11.869493648533005,0.121552,0.737622
foc,y/s,"1452.00, 163.50",46.98770531710524,12.146285613990061,0.741134,1.0
foc,e/s,"2253.50, 267.50",40.87077305402434,11.256641633187042,0.0,0.258866
free,c,"2253.50, 267.50",92.13477422149433,11.46385151522779,0.0,0.258866
foc,y/h,"92.50, 761.20",82.98490743995703,11.524269848935376,0.741134,1.0
distr,y/h,"92.50, 761.20",42.37909430393916,12.101020645682672,0.0,0.258866
foc,e/h,"1452.00, 163.50",52.36298699406541,12.15774065928614,0.741134,1.0
foc,y/h,"1452.00, 163.50",95.70156262814088,12.300131493710309,0.741134,1.0
free,e/h,"4417.00, 163.50",52.242469068258174,11.352190253814527,0.741134,1.0
foc,y/h,"3062.50, 761.20",36.36373152023688,11.389543503491742,0.0,0.258866
free,e/h,"4417.00, 761.20",39.52901605756274,11.281931225900061,0.262378,0.878448
foc,e/s,"4417.00, 163.50",33.09095390631459,11.783274169799817,0.0,0.258866
foc,y/s,"1452.00, 163.50",61.44875157894664,12.36857683818737,0.741134,1.0
free,y/s,"4417.00, 163.50",44.62910150985801,12.12828206582412,0.741134,1.0
distr,e/s,"3062.50, 761.20",83.83868424621164,11.98848754207562,0.0667395,0.652453
distr,e/h,"2253.50, 267.50",86.51564068165328,11.357553473943964,0.0252107,0.556095
free,y/h,"1452.00, 761.20",69.32512874427185,11.297671592203995,0.741134,1.0
distr,e/s,"2253.50, 267.50",43.49879772064223,12.183184218454421,,
distr,y/s,"92.50, 163.50",97.33759143096799,12.238111788885288,0.00252858,0.445016
free,y/s,"92.50, 163.50",86.78970436247494,11.163542311235227,0.741134,1.0
distr,c,"1452.00, 761.20",64.20098889712514,12.10443022084991,0.0252107,0.556095
distr,y/s,"1452.00, 761.20",98.57736481916278,11.176867558401588,0.0252107,0.556095
foc,y/h,"4417.00, 163.50",43.241447979408804,12.337621866923193,0.741134,1.0
foc,e/h,"1452.00, 163.50",93.88726254573456,12.374865119625111,0.00252858,0.445016
free,c,"92.50, 163.50",55.06376335778573,11.732589822911295,0.0,0.258866
distr,y/s,"3062.50, 761.20",82.93021265140159,11.99144234592711,0.121552,0.737622
foc,c,"92.50, 163.50",74.05647813610001,12.122143473930421,0.443905,0.974789
distr,e/s,"3062.50, 163.50",99.38299077459605,11.810484749674572,0.121552,0.737622
distr,e/h,"1452.00, 163.50",53.42170756805402,11.204718157255055,0.0252107,0.556095
distr,c,"3062.50, 761.20",65.01077653552065,11.712420648810648,0.0252107,0.556095
free,c,"4417.00, 163.50",70.5045189936263,11.513628679949235,0.0,0.258866
free,y/s,"4417.00, 163.50",43.319002895345335,11.893351469825735,0.741134,1.0
foc,e/h,"3062.50, 163.50",79.42288624795549,12.246868532591579,0.741134,1.0
distr,y/s,"4417.00, 163.50",74.70235846240494,11.187401766368177,0.0252107,0.556095
free,y/s,"3062.50, 761.20",48.97104609256015,11.292534332775544,0.741134,1.0
free,y/h,"1452.00, 163.50",58.42018167556148,11.373205275057089,0.741134,1.0
distr,c,"1452.00, 761.20",42.026602444369914,11.582174904321175,0.0,0.258866
foc,e/h,"4417.00, 761.20",77.27022194856119,11.179627467619976,0.741134,1.0
free,y/h,"4417.00, 163.50",69.72823401850599,11.47964038384098,0.741134,1.0
distr,y/h,"92.50, 163.50",81.71962837302993,11.81658815369987,0.0667395,0.652453
free,c,"3062.50, 761.20",59.53973591648359,11.805580722931605,0.0,0.258866
distr,e/h,"1452.00, 163.50",53.132032500341964,11.169873605033493,0.0667395,0.652453
distr,e/s,"4417.00, 163.50",56.014972591333844,11.650669031063245,0.0252107,0.556095
free,e/s,"3062.50, 163.50",78.54398783985926,12.06955963794545,0.741134,1.0
foc,y/h,"1452.00, 163.50",87.57634718560837,11.719021601927652,0.741134,1.0
free,y/s,"4417.00, 761.20",41.67740976770824,11.609846157502917,0.121552,0.737622
foc,e/s,"2253.50, 267.50",48.900375592815394,11.476643595174984,0.741134,1.0
foc,e/s,"1452.00, 761.20",86.88130202727613,11.39209577139124,0.741134,1.0
distr,e/h,"4417.00, 761.20",67.14090257203635,11.393687678913148,0.121552,0.737622
foc,e/h,"2253.50, 267.50",78.27109603730753,12.140611494821226,0.741134,1.0
foc,e/h,"1452.00, 163.50",53.639584646029164,11.841224301807692,0.741134,1.0
distr,e/h,"92.50, 163.50",58.349363032846234,11.565688424093446,0.0252107,0.556095
foc,y/h,"1452.00, 163.50",95.7574153820854,11.485560456493625,0.741134,1.0
distr,e/s,"1452.00, 761.20",75.01687034984333,11.535505459095182,0.187086,0.812914
free,e/s,"92.50, 163.50",32.286919412894896,11.528608188592756,0.0,0.258866
distr,y/h,"3062.50, 163.50",71.70031214730679,11.160988323947498,0.0252107,0.556095
free,y/s,"3062.50, 761.20",43.6476152580737,12.34089849424291,0.347547,0.93326
distr,e/h,"1452.00, 761.20",92.8670947366897,12.091784470717808,0.0252107,0.556095
foc,y/h,"3062.50, 761.20",48.76661202819443,12.299156085832719,0.741134,1.0
foc,y/h,"3062.50, 163.50",85.32060476453515,11.582600456525835,0.741134,1.0
distr,e/h,"3062.50, 761.20",57.734343552908804,11.347377432225384,0.00252858,0.445016
free,e/s,"4417.00, 163.50",30.56313206012299,12.18564907457042,0.0,0.258866
free,e/h,"92.50, 163.50",90.0897726718786,11.7370264070617,0.0,0.258866
free,y/s,"4417.00, 761.20",53.25453630244775,12.086078011411558,0.741134,1.0
free,e/s,"3062.50, 761.20",96.00311315793512,11.14905822499556,0.554984,0.997471
free,y/s,"1452.00, 761.20",57.94529307331081,11.248540888113599,0.741134,1.0
distr,y/s,"2253.50, 267.50",71.7696918554789,12.231261200396997,0.0,0.258866
foc,e/h,"4417.00, 761.20",75.36302033788252,11.214838893057783,0.741134,1.0
foc,e/s,"2253.50, 267.50",65.31536206905076,11.508276893779886,0.741134,1.0
distr,c,"92.50, 761.20",30.379429876741415,11.100935422902879,0.0,0.258866
foc,y/h,"2253.50, 267.50",70.19392442967381,11.40966744754225,0.741134,1.0
free,y/h,"92.50, 163.50",53.32225011601592,12.345961148518358,0.554984,0.997471
distr,e/s,"92.50, 761.20",95.201320063001,12.201839434155048,0.0252107,0.556095
distr,e/h,"3062.50, 761.20",51.87762463429687,12.0065625653984,0.0252107,0.556095
free,y/s,"4417.00, 761.20",45.69369071424676,11.62896027496143,0.741134,1.0
free,y/h,"4417.00, 761.20",70.08247765317516,11.713905445402856,0.741134,1.0
foc,y/s,"1452.00, 163.50",61.16769411994629,11.827782163763851,0.741134,1.0
distr,e/s,"1452.00, 761.20",94.79699610100579,11.706139760935983,0.0252107,0.556095
foc,y/h,"1452.00, 163.50",45.94207622552541,12.278488010746678,0.741134,1.0
distr,y/s,"4417.00, 163.50",44.989181546493974,12.193081451968835,0.0,0.258866
foc,y/s,"92.50, 163.50",42.57541509828179,11.437392165697863,0.00252858,0.445016
free,e/h,"3062.50, 761.20",31.11777704560213,11.524657664506536,0.0,0.258866
distr,e/s,"1452.00, 761.20",35.64227843941364,11.205949746471667,0.0,0.258866
foc,y/s,"3062.50, 163.50",76.37117738434499,12.076269503324198,0.741134,1.0
distr,c,"1452.00, 761.20",42.51385478333251,11.974404714762933,0.0,0.258866
foc,e/h,"3062.50, 163.50",78.02406156686806,11.559920999819306,0.741134,1.0
free,y/h,"4417.00, 163.50",35.01561993008678,11.196690954998907,0.0,0.258866
distr,c,"2253.50, 267.50",49.41856864858612,12.017087098020701,0.0,0.258866
foc,y/s,"1452.00, 163.50",76.7467023215957,11.563744265816409,0.741134,1.0
free,y/h,"1452.00, 761.20",41.84764367139301,12.144487671074012,0.0,0.258866
foc,y/h,"1452.00, 761.20",49.24231346435618,11.988153938349422,0.741134,1.0
foc,y/s,"1452.00, 163.50",83.98110640551897,11.919214589716468,0.741134,1.0
foc,y/h,"3062.50, 163.50",39.229550825645774,11.487694782665674,0.0,0.258866
free,c,"92.50, 163.50",66.30953138389421,11.710290467575945,0.121552,0.737622
free,y/h,"1452.00, 163.50",42.31348811807574,11.411984344071255,0.741134,1.0
foc,e/h,"2253.50, 267.50",87.72280914123814,12.044847641634405,0.741134,1.0
distr,e/s,"92.50, 761.20",59.051405567403265,11.555017693087436,0.00252858,0.445016
free,c,"1452.00, 761.20",72.42664859371675,11.572199680209385,0.741134,1.0
distr,e/s,"92.50, 163.50",56.024088496933786,11.189663433673669,0.0667395,0.652453
free,e/s,"4417.00, 163.50",42.580347562409074,11.893971803969661,0.262378,0.878448
free,e/h,"1452.00, 761.20",77.89992870224876,12.301076203180429,0.741134,1.0
free,c,"1452.00, 761.20",72.6801902323958,11.911835218661908,0.741134,1.0
distr,e/h,"1452.00, 163.50",88.4197376921783,11.6488128896919,0.121552,0.737622
free,c,"3062.50, 761.20",89.55775423576581,11.351716745606385,0.554984,0.997471
distr,y/h,"3062.50, 761.20",54.65355063486581,12.335615444269932,0.0252107,0.556095
distr,c,"1452.00, 761.20",95.32291241100026,11.5941571904191,0.0252107,0.556095
free,y/h,"1452.00, 163.50",98.87987234043013,12.311206862573927,0.741134,1.0
free,y/s,"3062.50, 163.50",56.64820685657439,12.198278572442547,0.741134,1.0
free,e/s,"3062.50, 163.50",94.93588424854023,11.541503376996406,0.741134,1.0
distr,e/h,"92.50, 163.50",64.48433170079792,12.388587672825533,0.0252107,0.556095
distr,e/h,"1452.00, 163.50",36.11447323573698,11.399481025391994,0.0,0.258866
distr,e/h,"3062.50, 163.50",57.37137634904822,11.798412747662805,0.0252107,0.556095
free,c,"2253.50, 267.50",81.50937954549939,11.402933871822817,0.0252107,0.556095
foc,y/s,"3062.50, 761.20",95.93288487498924,11.517983081286584,0.741134,1.0
foc,e/s,"3062.50, 761.20",70.4342226242594,11.262645104089634,0.741134,1.0
distr,y/h,"3062.50, 761.20",34.83321861767492,11.270729077740606,0.0,0.258866
foc,y/h,"4417.00, 163.50",79.37676796581367,11.653241307474588,0.741134,1.0
distr,e/h,"1452.00, 761.20",92.9266004584835,11.897612794864088,0.00252858,0.445016
distr,e/h,"92.50, 163.50",42.62822862273805,11.827258638473888,0.0,0.258866
free,e/s,"3062.50, 761.20",30.114063248404506,11.263553961155912,0.0,0.258866
distr,e/s,"1452.00, 163.50",99.96280599632314,11.16745535063579,0.00252858,0.445016
foc,e/h,"92.50, 761.20",81.00230557698664,12.11287585595501,0.741134,1.0
free,e/h,"4417.00, 163.50",41.686943535506934,11.63095572058333,0.00252858,0.445016
free,y/h,"4417.00, 761.20",66.0276570814967,11.668811181819724,0.554984,0.997471
distr,e/s,"92.50, 163.50",87.26554921194406,12.15388692493934,0.0667395,0.652453
distr,e/s,"1452.00, 761.20",72.65686634914164,11.435079690712458,0.0667395,0.652453
distr,y/h,"92.50, 163.50",86.3521743103511,12.197701505361497,0.0252107,0.556095
distr,y/h,"1452.00, 163.50",47.982540425996206,11.239200473237082,0.0,0.258866
foc,c,"4417.00, 163.50",37.73987935362448,11.371853446616804,0.0,0.258866
free,y/h,"3062.50, 163.50",95.97918446452685,11.972870116233985,0.741134,1.0
distr,c,"92.50, 761.20",46.90104497903628,11.803478254859497,0.0,0.258866
foc,y/s,"4417.00, 761.20",75.60572466669296,11.7077932977263,0.741134,1.0
foc,y/h,"92.50, 163.50",54.32882156580338,12.393154598629398,0.741134,1.0
distr,y/h,"3062.50, 163.50",74.80115773833762,11.513509667679521,0.0667395,0.652453
foc,e/s,"4417.00, 163.50",85.97068169772564,11.490328702130123,0.741134,1.0
foc,c,"2253.50, 267.50",47.90797097273395,12.100572743079947,0.0,0.258866
foc,y/s,"1452.00, 163.50",74.43805674856497,11.243678544266032,0.741134,1.0
free,c,"3062.50, 761.20",60.5935896845362,11.497454582810809,0.0,0.258866
foc,e/s,"1452.00, 163.50",85.29189619628679,12.007455817710373,0.741134,1.0
distr,c,"92.50, 761.20",69.4511253389743,11.420730410358297,,
distr,y/h,"1452.00, 761.20",52.43811298394289,11.621365239282795,0.0,0.258866
foc,e/s,"2253.50, 267.50",33.150511159767525,11.743925356067042,0.0,0.258866
free,y/s,"2253.50, 267.50",32.6971165958808,11.809479446238237,0.0,0.258866
foc,c,"92.50, 163.50",44.89249152823358,12.342618144918173,0.0,0.258866
distr,e/h,"1452.00, 163.50",94.75243179678064,11.471078204423362,0.0667395,0.652453
foc,c,"3062.50, 163.50",36.269090125610866,12.194544185021023,0.0,0.258866
distr,c,"4417.00, 163.50",39.14552808416135,11.853775966864195,0.0,0.258866
distr,y/h,"1452.00, 163.50",52.830030126970755,11.395108251001973,0.00252858,0.445016
distr,y/s,"1452.00, 163.50",68.57468397592454,11.404210858230513,0.00252858,0.445016
foc,y/s,"1452.00, 163.50",39.18563815668995,12.06434753551115,0.741134,1.0
distr,e/h,"4417.00, 761.20",83.29649676585277,12.058250059061272,0.00252858,0.445016
foc,y/h,"3062.50, 761.20",72.01254950932079,12.102433673116655,0.741134,1.0
foc,c,"92.50, 163.50",66.09325262513524,11.120506953607547,0.0,0.258866
free,c,"92.50, 761.20",41.585615163480995,11.50710983107191,0.0,0.258866
free,y/s,"4417.00, 761.20",88.65728890974768,12.276054651762234,0.741134,1.0
distr,y/s,"4417.00, 163.50",95.16170304382426,12.37669422884195,0.00252858,0.445016
distr,y/s,"4417.00, 163.50",30.113632713875877,12.30544744973923,0.0,0.258866
distr,c,"92.50, 761.20",35.856000841207646,11.690162334033976,0.0,0.258866
foc,e/h,"92.50, 761.20",73.64832248103922,11.423173243679813,0.741134,1.0
free,y/h,"3062.50, 163.50",85.46173257638267,11.319750825271589,0.741134,1.0
free,e/h,"92.50, 761.20",94.70443727200272,11.679232199226702,0.741134,1.0
free,e/h,"92.50, 163.50",56.91574466745794,12.152241279533376,0.741134,1.0
foc,y/h,"4417.00, 163.50",99.86781792695253,12.093079684881596,0.741134,1.0
free,e/s,"1452.00, 163.50",91.9875636956136,12.024986410961276,0.741134,1.0
free,e/s,"4417.00, 761.20",93.2867054340515,11.65976868149687,0.443905,0.974789
distr,e/h,"3062.50, 761.20",84.76286676772405,12.202469457653452,0.121552,0.737622
free,c,"4417.00, 163.50",51.6987017706974,11.41996287658127,0.0,0.258866
foc,y/s,"3062.50, 163.50",72.8801533643664,12.254931569305352,0.741134,1.0
free,y/h,"1452.00, 163.50",81.7588382526119,11.508856875933143,0.187086,0.812914
free,y/h,"1452.00, 761.20",90.48016316520133,11.842730300389194,0.0,0.258866
free,y/s,"4417.00, 163.50",35.915762096413715,12.162629915658773,0.0,0.258866
free,y/s,"4417.00, 761.20",64.73560461828433,11.26748694104322,0.741134,1.0
foc,y/h,"3062.50, 163.50",54.2676704701467,11.365507623499319,0.741134,1.0
foc,e/h,"4417.00, 163.50",70.19230906224425,12.027910047106872,0.741134,1.0
free,e/h,"92.50, 761.20",42.88450437647621,11.900239579468856,0.0,0.258866
distr,c,"3062.50, 163.50",54.162411445542645,11.762881316684824,0.00252858,0.445016
free,y/s,"3062.50, 163.50",62.14499207029545,11.701149708370904,0.741134,1.0
distr,e/h,"2253.50, 267.50",47.339615318630706,11.679381922120829,0.0,0.258866
foc,e/s,"4417.00, 163.50",82.62782662364523,11.506724143759838,0.741134,1.0
distr,e/h,"1452.00, 163.50",94.86769980897384,12.251824902204644,0.0252107,0.556095
free,y/s,"92.50, 761.20",41.23423027677579,11.436371654995884,0.0,0.258866
distr,e/s,"2253.50, 267.50",69.33129068472371,11.404771738885094,0.0252107,0.556095
free,e/s,"1452.00, 761.20",71.56650257575755,11.276894780563829,0.741134,1.0
free,c,"3062.50, 761.20",61.64574242151382,11.391466299872825,0.0,0.258866
foc,c,"3062.50, 761.20",93.79472802682952,11.165691462601243,0.0,0.258866
free,y/s,"4417.00, 163.50",77.91046097251532,11.476696542370203,0.741134,1.0
distr,e/s,"1452.00, 761.20",55.26519565664054,11.360723215935558,0.00252858,0.445016
free,y/h,"1452.00, 761.20",94.59853568997531,11.774916140562821,0.741134,1.0
distr,c,"2253.50, 267.50",30.031626889369853,11.2070989692573,0.0,0.258866
distr,y/s,"1452.00, 163.50",86.871155848786,12.207366195476446,0.0252107,0.556095
free,e/s,"3062.50, 761.20",64.22383889153718,12.310702046728759,0.741134,1.0
foc,c,"92.50, 761.20",40.082145779656514,11.278027604794966,0.0,0.258866
foc,e/s,"1452.00, 163.50",69.79991761670874,11.981514179030091,0.741134,1.0
free,y/h,"2253.50, 267.50",59.44799797789297,11.9956715654965,0.741134,1.0
free,e/s,"4417.00, 163.50",87.00061127568873,11.986798536569683,0.741134,1.0
distr,y/h,"1452.00, 163.50",97.92703991423112,12.360535148992025,0.121552,0.737622
foc,y/h,"4417.00, 761.20",50.64239101271265,11.411141817276645,0.554984,0.997471
free,c,"4417.00, 761.20",50.18818392971782,11.335363172688513,0.0,0.258866
distr,e/s,"4417.00, 163.50",31.720385517652616,12.101395561489612,0.0,0.258866
foc,e/s,"92.50, 761.20",52.12877076583577,12.114932811040443,0.0,0.258866
foc,e/s,"92.50, 761.20",53.199446769532244,11.243403238175336,0.741134,1.0
free,c,"3062.50, 163.50",58.48831104156255,11.747984845534425,0.0,0.258866
foc,y/s,"92.50, 163.50",33.69054317706836,12.377752541139177,0.0,0.258866
distr,e/s,"3062.50, 761.20",49.79239985043495,11.658731298700753,0.0,0.258866
free,y/s,"92.50, 761.20",87.18362964809332,12.05833781761906,0.554984,0.997471
free,c,"92.50, 761.20",93.3452461648993,12.084801220442285,0.0,0.258866
distr,c,"92.50, 761.20",58.45649375143387,11.60821162503631,0.0,0.258866
distr,e/s,"3062.50, 761.20",79.22828721594315,12.062240873419926,0.121552,0.737622
free,y/s,"92.50, 761.20",83.33608972530068,12.07513500810391,0.741134,1.0
foc,e/h,"4417.00, 163.50",34.35037806760216,11.969053328253398,0.0,0.258866
foc,y/s,"3062.50, 163.50",68.46527674488229,12.238482357560407,0.741134,1.0
foc,e/s,"1452.00, 163.50",35.613229153612984,11.726489268098005,0.0,0.258866
free,e/s,"1452.00, 163.50",79.58491212486582,11.244349880212983,0.741134,1.0
free,y/s,"1452.00, 163.50",79.9489300278455,11.910216567898798,0.741134,1.0
free,y/h,"3062.50, 761.20",97.8777785988617,12.399341125368695,0.741134,1.0
free,y/s,"2253.50, 267.50",50.60144926232476,11.491172792096071,0.741134,1.0
distr,y/s,"92.50, 163.50",80.57734884183215,11.365609479661199,0.0252107,0.556095
foc,e/s,"1452.00, 163.50",99.6543234088783,12.142625017004034,0.741134,1.0
foc,y/s,"3062.50, 163.50",67.86864825112984,11.139921308560451,0.0,0.258866
foc,y/s,"92.50, 163.50",88.72233406113952,12.2381146271161,0.741134,1.0
free,y/h,"4417.00, 761.20",98.91241062691668,11.808946525585984,0.741134,1.0
distr,e/s,"3062.50, 761.20",93.99564247133208,12.361466000097163,0.0252107,0.556095
free,y/s,"92.50, 163.50",85.50653193418788,11.934037986700769,0.741134,1.0
distr,c,"92.50, 163.50",96.63232761878919,12.153131985737897,0.0252107,0.556095
foc,e/s,"92.50, 163.50",82.2515601595877,11.499109737953507,0.741134,1.0
distr,e/h,"1452.00, 761.20",52.5274766006514,11.597507355651405,0.0,0.258866
free,c,"2253.50, 267.50",47.73952098680303,11.225928924489084,0.0,0.258866
foc,e/h,"1452.00, 163.50",78.753124478009,11.587967072459108,0.741134,1.0
free,e/s,"1452.00, 761.20",84.36695428633865,11.644100648026338,0.554984,0.997471
foc,e/h,"92.50, 761.20",88.49182889503501,11.659376983750029,0.741134,1.0
foc,e/h,"4417.00, 163.50",46.811011009877305,11.172239491002255,0.741134,1.0
distr,e/s,"1452.00, 761.20",41.8354300894469,11.799068423471647,0.0,0.258866
free,e/h,"1452.00, 761.20",57.48458442108529,12.359493633536188,0.741134,1.0
free,e/h,"3062.50, 761.20",32.36932345409454,11.743265249493053,0.0,0.258866
free,e/h,"2253.50, 267.50",89.58014486951917,11.395078561112571,0.741134,1.0
foc,e/h,"1452.00, 163.50",63.47374649430058,11.634403167862294,0.741134,1.0
distr,e/h,"92.50, 761.20",52.19352651604675,11.52627181326333,0.0,0.258866
free,y/h,"3062.50, 163.50",77.5070844115374,11.222617011591907,0.741134,1.0
foc,c,"1452.00, 163.50",59.529195279732704,12.097751465996621,0.0,0.258866
free,y/h,"4417.00, 163.50",84.412664564902,12.16178662884987,0.554984,0.997471
distr,c,"1452.00, 761.20",66.20049142580277,11.626004356147895,0.0252107,0.556095
foc,e/h,"1452.00, 761.20",80.13214405883514,12.12571379844559,0.741134,1.0
foc,y/s,"1452.00, 163.50",61.03481971931104,11.799964416962052,0.741134,1.0
foc,y/s,"4417.00, 761.20",51.06478512680238,12.016815206654538,0.741134,1.0
free,y/h,"3062.50, 761.20",58.9191578421613,11.491294193230829,0.554984,0.997471
distr,y/s,"4417.00, 163.50",49.1252237870905,11.712266236464496,,
free,c,"4417.00, 163.50",83.79735519304083,11.596937058074763,0.741134,1.0
free,c,"92.50, 761.20",32.91912587538893,11.33648174148863,0.0,0.258866
foc,e/h,"4417.00, 163.50",67.70494218486354,12.354262170855225,0.741134,1.0
free,y/s,"92.50, 163.50",83.87781569709874,11.180180987603945,0.741134,1.0
foc,c,"4417.00, 761.20",50.163550448280546,11.259324318373414,0.0,0.258866
free,e/h,"2253.50, 267.50",99.68919263172201,11.293113304815277,0.741134,1.0
free,y/s,"3062.50, 163.50",70.17967799975779,11.366632364405486,0.741134,1.0
distr,y/h,"1452.00, 761.20",40.60677502175401,11.97901327538389,0.0,0.258866
free,y/h,"3062.50, 761.20",97.05088489082544,12.047498251245498,0.741134,1.0
foc,y/h,"2253.50, 267.50",96.23007123214488,12.130067575171093,0.741134,1.0
distr,e/h,"1452.00, 761.20",92.91000432805043,11.219971823454976,0.0252107,0.556095
distr,c,"3062.50, 163.50",31.994165148043184,11.245022848513859,0.0,0.258866
distr,c,"4417.00, 761.20",85.91989564261027,11.7355467399617,,
distr,c,"3062.50, 163.50",86.00494219622371,12.01997110476804,0.121552,0.737622
distr,e/h,"2253.50, 267.50",60.527475094330185,12.29501751896882,0.121552,0.737622
free,y/s,"3062.50, 163.50",40.83025444017531,11.301666296806369,0.0,0.258866
free,y/s,"92.50, 761.20",37.925058846222775,11.147880047452205,0.0,0.258866
free,e/s,"3062.50, 761.20",42.47030404980898,12.384899670489347,0.0,0.258866
foc,e/s,"3062.50, 761.20",30.629988378173763,11.445193249628128,0.0,0.258866
foc,y/h,"92.50, 761.20",30.97502477081281,11.286443610042452,0.0,0.258866
free,c,"4417.00, 761.20",35.93274397519786,11.715820236459363,0.0,0.258866
foc,c,"4417.00, 163.50",32.15499955065014,11.386135291358725,0.0,0.258866
foc,e/s,"4417.00, 761.20",98.1433645810378,11.647616410921813,0.741134,1.0
foc,e/s,"92.50, 761.20",92.76364610729004,12.303278586549876,0.262378,0.878448
distr,y/s,"92.50, 761.20",37.87152335513072,11.29434299918637,,
foc,c,"4417.00, 163.50",68.77917485533447,11.807862723439522,0.0,0.258866
free,y/s,"1452.00, 761.20",81.65829793974432,11.844090124689156,0.741134,1.0
distr,c,"1452.00, 163.50",57.36328518308478,12.182198552835612,0.00252858,0.445016
distr,y/s,"3062.50, 163.50",35.958745901432614,12.100653513712414,0.0,0.258866
foc,c,"2253.50, 267.50",78.07228757550916,11.764019393551749,0.0,0.258866
free,c,"3062.50, 761.20",67.82853129087951,11.91816081702384,0.0,0.258866
foc,y/s,"2253.50, 267.50",75.43692649702325,12.288294785440792,0.741134,1.0
foc,y/h,"4417.00, 761.20",71.61179132570874,11.850824213642664,0.741134,1.0
free,e/h,"92.50, 163.50",67.37934294235212,11.765008588830698,0.741134,1.0
distr,y/h,"4417.00, 761.20",63.12678121257375,11.561615300434534,0.0,0.258866
free,e/s,"3062.50, 163.50",35.96773177740501,11.924896206306997,0.0,0.258866
foc,c,"92.50, 163.50",36.38942927177037,12.397623932002487,0.0,0.258866
distr,c,"4417.00, 163.50",88.1644291072927,11.723642914793356,0.0667395,0.652453
foc,c,"2253.50, 267.50",97.41583902297356,12.092705041038853,0.0667395,0.652453
distr,c,"92.50, 761.20",51.98120226674056,11.387313139290452,0.0,0.258866
free,e/s,"1452.00, 761.20",97.26284146061094,11.40246541701167,0.741134,1.0
foc,c,"3062.50, 761.20",34.14964017762143,12.273141074119781,0.0,0.258866
distr,e/h,"1452.00, 761.20",86.37151777551725,11.97931363417289,0.0667395,0.652453
distr,y/h,"1452.00, 761.20",33.24556237357319,11.291015952590492,0.0,0.258866
distr,e/h,"4417.00, 163.50",71.5139608046903,11.322160832958271,0.0252107,0.556095
distr,c,"92.50, 761.20",96.55467188649939,12.335087411015838,0.0252107,0.556095
foc,y/s,"92.50, 761.20",36.312801621749855,11.304669461427471,0.0,0.258866
foc,e/s,"3062.50, 163.50",85.75819028497202,11.152666011195565,0.741134,1.0
distr,c,"2253.50, 267.50",68.68256333483271,12.021435715390917,0.0667395,0.652453
distr,y/h,"1452.00, 163.50",72.69407895632185,12.342992587523497,0.121552,0.737622
free,c,"92.50, 163.50",57.6931456345836,11.26608434936197,0.0,0.258866
foc,c,"92.50, 761.20",45.64060879409899,11.604240724570472,0.0,0.258866
free,e/s,"92.50, 163.50",83.46258544810911,11.884881290132041,0.741134,1.0
distr,e/s,"2253.50, 267.50",99.27739455800317,12.16210358315715,0.0667395,0.652453
foc,e/h,"1452.00, 163.50",79.90408077533132,11.188949168258368,0.741134,1.0
free,y/s,"92.50, 761.20",67.036104956343,11.389041619920548,0.741134,1.0
distr,e/s,"3062.50, 761.20",32.10135632920689,11.61408686049169,,
distr,y/h,"1452.00, 761.20",61.260906162463996,12.20199664341725,0.00252858,0.445016
foc,e/h,"4417.00, 163.50",51.853403373876816,12.216378741049898,0.741134,1.0
free,y/h,"3062.50, 761.20",84.83813646107868,11.325883098534337,0.554984,0.997471
foc,y/s,"92.50, 761.20",77.11763336953156,12.383085202425633,0.741134,1.0
foc,c,"3062.50, 761.20",58.55731784340991,11.211266785044575,0.0,0.258866
free,e/h,"92.50, 761.20",99.97221929890684,12.175019072478289,0.741134,1.0
foc,y/s,"1452.00, 761.20",67.72158377107061,12.05805567178365,0.741134,1.0
foc,e/s,"2253.50, 267.50",33.996623306973305,11.988640410192911,0.0,0.258866
free,e/h,"4417.00, 761.20",84.25689843360075,11.287537664911074,0.443905,0.974789
distr,e/h,"4417.00, 761.20",42.38664879695311,11.737459933957622,0.0,0.258866
distr,e/h,"4417.00, 163.50",40.448607499487665,12.383251812850265,0.0,0.258866
free,y/s,"4417.00, 761.20",38.256218907160005,11.89841563847683,0.00252858,0.445016
free,e/h,"3062.50, 163.50",62.641947096274215,11.798078162248853,0.741134,1.0
distr,e/h,"92.50, 761.20",96.55683154087737,11.748418687262454,0.0252107,0.556095
distr,y/s,"2253.50, 267.50",33.022361242948406,12.278745850202162,,
foc,e/s,"4417.00, 163.50",92.27576364684651,11.769640281225342,0.121552,0.737622
foc,y/h,"92.50, 761.20",36.84658748655934,12.229619595841463,0.0,0.258866
foc,e/s,"92.50, 163.50",54.495946261568136,11.501642764088361,0.741134,1.0
foc,e/s,"4417.00, 163.50",63.02461897371764,11.443232665043894,0.741134,1.0
free,y/h,"2253.50, 267.50",98.16758932735,11.202710132189079,0.741134,1.0
foc,c,"92.50, 761.20",88.85283630975542,11.601775823136725,0.443905,0.974789
foc,y/s,"4417.00, 761.20",99.81407601803689,11.498812263745446,0.741134,1.0
distr,c,"1452.00, 163.50",88.19031945578422,11.195536153377217,0.262378,0.878448
distr,e/h,"2253.50, 267.50",77.94861373388477,12.176754066234585,0.00252858,0.445016
distr,e/h,"1452.00, 163.50",93.833816197582,12.279226045470795,0.0667395,0.652453
distr,c,"92.50, 163.50",99.9696110321512,11.286553307462611,0.00252858,0.445016
foc,c,"92.50, 163.50",73.07215574593013,11.302476097650265,0.554984,0.997471
distr,e/h,"92.50, 761.20",60.781590642955095,12.34889737003565,0.0252107,0.556095
free,y/s,"3062.50, 761.20",55.254379065987436,11.876955511822036,0.741134,1.0
distr,y/h,"92.50, 163.50",89.78113226434246,12.159346159582691,0.187086,0.812914
distr,y/h,"3062.50, 163.50",80.8951070234608,12.22975913215862,,
distr,c,"3062.50, 761.20",69.76913035576324,12.351322470475921,0.0667395,0.652453
free,y/h,"2253.50, 267.50",78.98169098957766,12.312854764594533,0.741134,1.0
foc,y/h,"4417.00, 761.20",75.50465727570902,11.99226539062888,0.741134,1.0
free,c,"1452.00, 761.20",38.02264484763282,12.287866831016407,0.0,0.258866
distr,e/s,"92.50, 761.20",47.74911770463976,11.436277194355,,
distr,y/s,"1452.00, 163.50",40.72944192670878,12.128306303230666,0.0,0.258866
foc,e/h,"1452.00, 163.50",33.18488249952076,11.24012370712698,0.0,0.258866
distr,y/h,"1452.00, 761.20",65.04441907004752,12.208493494122369,0.0667395,0.652453
foc,y/s,"92.50, 761.20",58.09083782365256,11.731159031259228,0.741134,1.0
free,y/h,"1452.00, 761.20",85.89487254888238,12.187692996906422,0.741134,1.0
foc,e/h,"3062.50, 163.50",88.8910626085627,12.32769929379085,0.741134,1.0
free,y/h,"3062.50, 163.50",94.57927354906683,11.62990168519953,0.741134,1.0
foc,e/s,"4417.00, 163.50",64.8897933832761,12.158801655674008,0.741134,1.0
distr,e/s,"3062.50, 163.50",37.849895563248445,11.347056485866181,0.0,0.258866
free,c,"1452.00, 163.50",33.44835889331507,11.122434848169242,0.0,0.258866
distr,y/s,"4417.00, 163.50",89.25186861696719,11.550441408739776,0.0252107,0.556095
distr,c,"1452.00, 163.50",30.194334867906548,11.425517638973705,0.0,0.258866
foc,c,"1452.00, 761.20",87.14683159070017,11.149520683466985,0.0,0.258866
free,e/h,"2253.50, 267.50",92.22692444154923,11.472145700167006,0.121552,0.737622
free,c,"4417.00, 163.50",87.34399375660212,11.552477995956572,0.554984,0.997471
distr,c,"92.50, 163.50",87.70826745221365,12.205601906785763,0.0252107,0.556095
foc,c,"1452.00, 163.50",71.66876545994909,11.237293481743986,0.741134,1.0
foc,y/s,"1452.00, 761.20",58.29275711970918,11.20250135740309,0.741134,1.0
distr,e/s,"3062.50, 163.50",77.72600454043248,12.34333746346109,0.0667395,0.652453
free,e/s,"4417.00, 163.50",40.72395935047875,11.774648182929935,0.0,0.258866
distr,c,"92.50, 761.20",41.48981891692294,12.239846266798322,,
distr,c,"3062.50, 761.20",45.9828849632553,11.303442914333829,0.0,0.258866
foc,y/s,"92.50, 163.50",37.20837707144956,11.48861622247556,0.0,0.258866
foc,y/h,"4417.00, 761.20",66.4874923816439,11.865967110616303,0.741134,1.0
foc,y/h,"1452.00, 163.50",57.61619237599733,12.059447219363477,0.741134,1.0
distr,c,"3062.50, 163.50",61.56159213804936,12.23325226688679,0.0252107,0.556095
distr,c,"4417.00, 163.50",89.00734618751986,12.260109213869868,0.121552,0.737622
foc,e/s,"1452.00, 761.20",76.89444597539392,12.130753003190078,0.741134,1.0
foc,y/h,"1452.00, 163.50",62.78883934877408,12.092141556272345,0.741134,1.0
distr,y/s,"2253.50, 267.50",46.14490718624471,11.311842346424303,0.00252858,0.445016
free,y/s,"1452.00, 761.20",35.004814431363414,12.1321394385643,0.0,0.258866
free,y/h,"3062.50, 761.20",65.49767771313421,11.651443472086973,0.741134,1.0
foc,y/h,"92.50, 761.20",47.26125642721941,12.189429636305567,0.0,0.258866
distr,c,"92.50, 163.50",45.17928434849909,11.750787278524225,0.0,0.258866
foc,e/h,"4417.00, 761.20",80.60418471835925,11.516740183895307,0.741134,1.0
distr,y/s,"92.50, 761.20",61.3348036164244,11.965459784260641,,
foc,c,"92.50, 163.50",39.42503963577014,11.800345080542716,0.0,0.258866
distr,e/h,"4417.00, 163.50",43.62159565174472,11.896673252729597,0.0,0.258866
foc,e/h,"2253.50, 267.50",92.64016085037014,11.254058706028884,0.554984,0.997471
free,e/s,"4417.00, 163.50",97.85452749810321,12.104405415937997,0.741134,1.0
foc,y/s,"2253.50, 267.50",90.99095678550083,12.327634181625982,0.00252858,0.445016
free,y/h,"3062.50, 163.50",46.30769123855017,11.488957745925035,0.554984,0.997471
foc,e/s,"4417.00, 761.20",46.66870387798201,12.13054515741285,0.554984,0.997471
free,e/h,"2253.50, 267.50",55.63513950219681,11.66342520618328,0.741134,1.0
foc,y/s,"4417.00, 163.50",58.919348843303595,11.410916250674289,0.741134,1.0
foc,y/h,"4417.00, 761.20",90.45443186687018,11.325765243510476,0.0,0.258866
foc,y/h,"4417.00, 761.20",98.76610902479204,11.795460300702535,0.554984,0.997471
free,y/s,"3062.50, 163.50",71.00474125677805,12.2160890580644,0.741134,1.0
foc,e/h,"4417.00, 761.20",35.991340581703184,11.190021525167017,0.0,0.258866
free,y/s,"92.50, 761.20",71.19107788019949,11.7150476909271,0.741134,1.0
free,e/h,"1452.00, 163.50",97.42482074542365,11.802739070257307,0.741134,1.0
distr,e/s,"2253.50, 267.50",34.44514604779183,11.122667721360186,0.0,0.258866
free,e/h,"3062.50, 163.50",40.066382818607934,12.312266717091074,0.0,0.258866
free,y/h,"4417.00, 761.20",68.76616868529922,11.488377035245529,0.741134,1.0
foc,y/h,"3062.50, 163.50",32.4636309816957,11.412332740487155,0.0,0.258866
foc,e/s,"3062.50, 163.50",59.68243168769038,11.412199324674518,0.741134,1.0
foc,c,"2253.50, 267.50",30.638990263839933,11.770490837729616,0.0,0.258866
distr,e/s,"3062.50, 761.20",70.16950551061171,11.984778583427017,0.121552,0.737622
foc,y/h,"3062.50, 761.20",48.62383917786641,11.420500823810656,0.741134,1.0
distr,y/h,"2253.50, 267.50",86.67211295850082,11.463278581834059,0.0252107,0.556095
free,e/s,"3062.50, 761.20",86.17135613473405,11.356672086398952,0.741134,1.0
foc,y/h,"1452.00, 163.50",48.72878402734004,11.790151789405648,0.554984,0.997471
foc,e/h,"92.50, 163.50",64.0996736567042,11.869875446154431,0.741134,1.0
distr,e/h,"92.50, 163.50",78.6423423675725,11.602103386309865,,
foc,e/s,"3062.50, 761.20",85.83755451898027,11.5184147014429,0.741134,1.0
distr,e/h,"2253.50, 267.50",65.41388763010178,11.82969644111034,0.187086,0.812914
free,c,"3062.50, 761.20",30.078449786862553,11.605501427097384,0.0,0.258866
distr,y/h,"3062.50, 761.20",58.734654494034025,11.561047552215046,,
distr,c,"2253.50, 267.50",78.73845736284716,11.211077193360007,0.0252107,0.556095
distr,c,"4417.00, 163.50",86.02847239162273,11.467088072520594,0.0252107,0.556095
free,y/s,"3062.50, 761.20",95.57868604221804,11.735813709431431,0.741134,1.0
foc,y/s,"1452.00, 761.20",87.8518272447557,12.037717847768443,0.741134,1.0
distr,y/s,"1452.00, 163.50",74.24158040278928,11.826895229336222,,
free,y/s,"1452.00, 163.50",58.131829005435236,11.9860921346634,0.741134,1.0
free,e/h,"92.50, 163.50",93.38143781312156,11.874218688380717,0.0,0.258866
distr,e/h,"3062.50, 163.50",91.55491838053784,11.448393875592567,0.0,0.258866
foc,e/s,"92.50, 761.20",56.79735134403427,11.755166350985082,0.741134,1.0
foc,y/h,"3062.50, 163.50",38.19737069615419,11.230739094417286,0.0,0.258866
distr,c,"3062.50, 163.50",60.72911309256354,12.108825435646347,0.00252858,0.445016
distr,e/h,"2253.50, 267.50",47.89884072824346,11.852970256475126,0.0,0.258866
foc,c,"92.50, 761.20",91.637495903124,11.18491540240116,0.443905,0.974789
distr,y/h,"1452.00, 761.20",43.18026631976282,11.607790805566891,0.0,0.258866
distr,c,"1452.00, 761.20",32.883194917868046,11.357689443988477,0.0,0.258866
free,c,"2253.50, 267.50",64.37296788568081,11.598763792319891,0.0,0.258866
distr,y/h,"2253.50, 267.50",62.12600152850197,11.36507388517938,0.121552,0.737622
foc,y/h,"3062.50, 761.20",88.84221931689513,11.610874810186322,0.741134,1.0
free,y/s,"1452.00, 761.20",76.22865372675304,11.387669470005344,0.741134,1.0
distr,c,"3062.50, 761.20",57.1780225123548,12.12038271286663,0.0,0.258866
distr,e/s,"4417.00, 761.20",90.0345543747833,11.141356187975813,,
free,y/h,"92.50, 163.50",60.991683334746405,11.951118498560886,0.741134,1.0
foc,y/h,"2253.50, 267.50",94.83866779833318,11.250557304223813,0.741134,1.0
distr,e/s,"1452.00, 163.50",63.17671395320935,12.354903391638569,0.187086,0.812914
free,e/s,"2253.50, 267.50",37.534726771872045,11.89624090101382,0.0,0.258866
distr,c,"1452.00, 761.20",49.770627217591915,12.194454071215173,,
distr,y/s,"2253.50, 267.50",51.79608221002074,12.32048175546945,0.0667395,0.652453
distr,y/s,"1452.00, 761.20",32.95097408134136,11.71405643798533,,
distr,y/s,"92.50, 761.20",80.6092316981335,12.106734283249136,0.121552,0.737622
foc,e/h,"2253.50, 267.50",53.511870346559725,11.86593934559498,0.741134,1.0
distr,c,"4417.00, 163.50",42.9837263438112,12.385153445782894,0.0,0.258866
foc,y/s,"92.50, 761.20",66.43486782181944,11.434679802986693,0.741134,1.0
foc,e/h,"4417.00, 163.50",31.011216157047304,11.957519953162866,0.0,0.258866
free,y/h,"2253.50, 267.50",87.78509313221798,12.080458254774019,0.741134,1.0
distr,c,"4417.00, 163.50",43.286219563464854,12.069219999787439,0.0,0.258866
free,y/s,"1452.00, 163.50",69.47727440813699,12.13821355362024,0.741134,1.0
free,y/s,"4417.00, 163.50",98.76338690970032,12.252079320394435,0.741134,1.0
distr,c,"3062.50, 163.50",35.08353018401075,11.272492762328781,0.0,0.258866
foc,y/s,"92.50, 761.20",50.64598936140909,11.868629013785688,0.262378,0.878448
free,y/s,"1452.00, 761.20",81.24099786597895,12.019008459079327,0.741134,1.0
distr,e/s,"2253.50, 267.50",98.58938629451565,12.269877143298018,0.187086,0.812914
foc,y/s,"3062.50, 761.20",56.290460725212,11.889150782626912,0.741134,1.0
distr,e/h,"4417.00, 163.50",38.087004728981064,11.832705518407593,0.0,0.258866
distr,c,"1452.00, 761.20",66.91327052336787,12.37692372534038,,
distr,e/s,"3062.50, 163.50",89.1847042584633,11.559265331518157,0.121552,0.737622
free,e/h,"1452.00, 163.50",85.4717117840313,11.297801156168275,0.741134,1.0
free,y/s,"3062.50, 163.50",94.30708440234221,11.653025892380644,0.741134,1.0
distr,y/h,"3062.50, 761.20",41.47170341945212,11.893103490060263,0.0,0.258866
distr,e/s,"1452.00, 761.20",46.564386285445465,12.140769174288613,0.0,0.258866
foc,e/s,"92.50, 163.50",61.06299465829777,11.871949204881062,0.741134,1.0
foc,y/h,"4417.00, 761.20",45.274281398897855,11.673448471445196,0.741134,1.0
distr,y/h,"1452.00, 761.20",46.804801135181876,12.393729700875886,0.0,0.258866
distr,e/h,"3062.50, 163.50",75.01196926651352,11.487573134937985,0.0667395,0.652453
foc,e/h,"92.50, 761.20",32.60512542413633,11.273170879572904,0.0,0.258866
free,y/h,"1452.00, 761.20",89.17616091245105,11.933575696034028,0.741134,1.0
foc,e/h,"4417.00, 761.20",78.15115527189849,12.074704247123634,0.741134,1.0
foc,c,"92.50, 163.50",32.21546512517941,12.13292080853468,0.0,0.258866
distr,y/s,"2253.50, 267.50",58.024625882844305,11.267853978474369,,
distr,c,"4417.00, 163.50",76.63287553218301,11.421331974130993,0.0667395,0.652453
free,c,"92.50, 761.20",64.70951925676285,11.769198770911673,0.0,0.258866
foc,c,"1452.00, 761.20",90.43109381748553,12.195117130221382,0.0,0.258866
distr,c,"2253.50, 267.50",69.8417418351891,12.348495159208579,0.0252107,0.556095
distr,e/h,"1452.00, 163.50",93.56527375609231,11.784816900660797,0.121552,0.737622
distr,e/h,"4417.00, 163.50",33.93113937533781,11.281447597982439,,
free,y/s,"3062.50, 761.20",34.6256285724762,11.479329063887139,0.0,0.258866
distr,y/s,"4417.00, 761.20",47.88498923836889,12.282933515926509,,
foc,y/s,"92.50, 761.20",62.530631546840986,12.043504935484036,0.741134,1.0
distr,e/h,"4417.00, 761.20",39.8870629490469,11.295351309601013,0.0,0.258866
free,y/h,"3062.50, 163.50",91.83269846437747,11.290092333485706,0.741134,1.0
foc,y/s,"2253.50, 267.50",80.53856680368858,12.242376246358482,0.741134,1.0
free,e/h,"3062.50, 163.50",85.66104128259533,11.755932185954686,0.741134,1.0
foc,e/h,"4417.00, 761.20",90.48853610038822,11.471219175166851,0.0,0.258866
distr,c,"1452.00, 761.20",79.01679305596994,11.463647138235956,0.0667395,0.652453
foc,y/s,"4417.00, 761.20",83.91065368298501,11.196549680718267,0.741134,1.0
foc,c,"4417.00, 163.50",35.92321531853592,11.592279369278351,0.0,0.258866
foc,y/h,"4417.00, 163.50",72.29889987465742,11.558334958907693,0.741134,1.0
distr,y/s,"3062.50, 761.20",52.43865597390574,11.340030972212187,,
free,c,"3062.50, 163.50",58.44247190453628,12.176385296714681,0.0,0.258866
foc,y/s,"1452.00, 163.50",76.65977120703946,11.784636717284176,0.741134,1.0
distr,y/s,"1452.00, 163.50",55.21518985798579,11.6928881270033,,
free,e/s,"1452.00, 761.20",85.3781855983114,12.373130670415868,0.741134,1.0
free,e/h,"3062.50, 761.20",89.14801743856813,11.479433509025862,0.741134,1.0
free,y/s,"2253.50, 267.50",67.09230475352894,11.46821578771074,0.741134,1.0
foc,c,"1452.00, 761.20",78.5534269457504,12.039153489966301,0.0,0.258866
free,e/s,"2253.50, 267.50",63.335242717408185,12.18748120770942,0.554984,0.997471
free,e/s,"92.50, 761.20",35.614094320795644,12.039601516425996,0.0,0.258866
foc,e/s,"92.50, 761.20",91.70074906986544,12.114968928496472,0.741134,1.0
distr,c,"1452.00, 761.20",78.38172877881306,11.487896994657776,0.0,0.258866
distr,y/s,"3062.50, 761.20",93.02111167527113,12.14963366747528,,
free,y/h,"1452.00, 761.20",66.99105646755646,11.133856622443242,0.0,0.258866
foc,e/s,"3062.50, 163.50",55.48603746026036,11.634972446654192,0.741134,1.0
foc,e/s,"3062.50, 761.20",31.295583562166975,12.016425890797693,0.0,0.258866
free,e/h,"4417.00, 163.50",51.08502420783367,12.089554940537779,0.554984,0.997471
distr,c,"1452.00, 163.50",40.48416981217018,11.517171461852703,,
distr,y/s,"1452.00, 163.50",32.81801008902025,11.93381976675805,,
foc,e/s,"4417.00, 163.50",47.99949608019227,11.239617656269903,0.741134,1.0
distr,y/h,"3062.50, 163.50",47.57982774275146,11.19425008476758,,
free,y/s,"4417.00, 761.20",59.310368910667044,12.190673204305899,0.741134,1.0
foc,e/s,"1452.00, 163.50",68.39697756292296,12.044657326054255,0.741134,1.0
free,y/s,"92.50, 761.20",45.73414841249799,11.883667307657264,0.0,0.258866
distr,e/s,"3062.50, 163.50",65.14669840871015,11.437004669475558,,
foc,c,"4417.00, 163.50",75.82838376291676,11.482917468111928,0.443905,0.974789
free,e/s,"2253.50, 267.50",53.95466595039034,11.755850859382587,0.741134,1.0
distr,y/h,"92.50, 761.20",35.37465150825574,11.93270310935377,0.0,0.258866
distr,y/h,"2253.50, 267.50",46.98347339080001,11.587177971378734,0.0,0.258866
foc,c,"92.50, 163.50",88.21397046842884,11.388638783970475,0.121552,0.737622
foc,y/s,"92.50, 761.20",58.477503598220835,11.954550241235475,0.741134,1.0
distr,e/h,"4417.00, 163.50",55.47941067385466,12.22894979928276,,
free,e/h,"4417.00, 761.20",76.8120821897784,11.605443389009606,0.741134,1.0
distr,e/h,"1452.00, 163.50",31.468352572595762,11.569269697741298,0.0,0.258866
foc,c,"2253.50, 267.50",54.97418221456623,11.520793936655863,0.0,0.258866
distr,y/h,"4417.00, 163.50",78.79756350703819,12.31621936536219,,
distr,e/s,"92.50, 163.50",92.92452963453428,11.536188600246795,0.0252107,0.556095
foc,c,"1452.00, 163.50",31.52556343922037,11.325407426609333,0.0,0.258866
foc,y/s,"3062.50, 163.50",81.97841427218819,12.25204496785577,0.443905,0.974789
foc,e/h,"92.50, 163.50",64.67917361800772,11.163283650140233,0.741134,1.0
foc,c,"92.50, 761.20",39.941973296478075,11.38321204925553,0.0,0.258866
free,y/s,"3062.50, 163.50",95.3249419302715,12.116310982449512,0.741134,1.0
free,e/h,"4417.00, 163.50",31.120075631894775,11.879079497365469,0.0,0.258866
free,y/s,"2253.50, 267.50",86.68199821135116,11.605448600981143,0.741134,1.0
foc,c,"3062.50, 761.20",44.542015266113914,11.599664183785288,0.0,0.258866
free,y/h,"4417.00, 761.20",70.24399454029648,11.329407426028833,0.741134,1.0
distr,y/h,"92.50, 761.20",35.412961856931716,11.343971419847849,,
distr,c,"1452.00, 163.50",51.83115169290832,12.198550920594965,0.0,0.258866
free,y/h,"4417.00, 761.20",62.56030833655959,11.791203259571384,0.554984,0.997471
free,y/h,"1452.00, 761.20",79.01560915044712,11.829548932957758,0.741134,1.0
free,y/h,"1452.00, 163.50",65.11100294435178,12.346008478697986,0.741134,1.0
distr,c,"1452.00, 163.50",44.49541274713353,11.133930609220883,,
foc,e/h,"4417.00, 761.20",89.68032397594156,11.789693894110457,0.741134,1.0
free,y/s,"92.50, 163.50",68.69610190431024,12.02090835588497,0.741134,1.0
distr,c,"3062.50, 761.20",58.90531834098359,11.69661423226418,0.0,0.258866
free,y/h,"1452.00, 163.50",48.727713781195206,11.527705974222,,
free,e/h,"92.50, 163.50",59.522333600118024,11.670133469578523,,
distr,e/h,"4417.00, 163.50",52.42474293939634,11.23417874402642,,
free,y/s,"1452.00, 761.20",44.39110398243237,12.38960228576535,,
distr,e/h,"4417.00, 761.20",35.498991331760585,12.099115975270731,,
free,c,"3062.50, 761.20",42.8342336237576,12.313689697944776,,
free,y/s,"2253.50, 267.50",50.90658349600737,12.334948359172458,,
foc,e/s,"3062.50, 163.50",42.8025630298476,11.220991921573823,,
distr,e/h,"4417.00, 761.20",76.32469510718337,11.845659302633571,,
foc,e/s,"92.50, 163.50",99.34743872473253,11.863526959347391,,
free,c,"92.50, 761.20",80.12662973661364,11.58713160874079,,
free,c,"4417.00, 163.50",84.02188162153743,11.939809992824983,,
free,e/h,"3062.50, 163.50",61.71271464666215,12.0692565658037,,
foc,c,"4417.00, 761.20",55.96690484241708,11.623034076235585,,
free,c,"92.50, 761.20",35.76716366836548,11.956914582901952,,
free,e/s,"1452.00, 163.50",97.34563121561526,11.922198050622779,,
free,e/s,"1452.00, 761.20",87.5790197590924,11.699560561129092,,
distr,y/s,"3062.50, 163.50",67.64678248744232,11.958118270710814,,
foc,y/h,"4417.00, 163.50",39.19976722963934,11.462575046046469,,
distr,e/h,"3062.50, 761.20",61.58541837766718,11.552671688627953,,
free,e/h,"3062.50, 163.50",67.6871619101082,11.263555912940594,,
free,y/h,"3062.50, 761.20",76.23671901489433,11.761163393453597,,
foc,e/h,"4417.00, 163.50",60.376822357372504,12.399953356605497,,
distr,e/s,"92.50, 163.50",92.28116495939952,11.60992642850127,,
distr,e/h,"1452.00, 163.50",48.009405485041704,11.502739348076112,,
foc,c,"1452.00, 761.20",45.698469507483466,12.106660817991362,,
foc,y/h,"92.50, 163.50",73.86966807933219,11.656898411530115,,
distr,y/s,"1452.00, 163.50",45.58751540148511,11.69516089065219,,
foc,y/h,"1452.00, 761.20",78.4366237869992,11.572583356012062,,
free,y/s,"3062.50, 761.20",30.749852814773337,12.059871545470637,,
distr,e/s,"92.50, 163.50",51.537294552365054,11.535695972265168,,
foc,e/h,"1452.00, 761.20",48.46668819651511,11.86146777610751,,
foc,c,"1452.00, 761.20",72.2393890348365,11.421392355197092,,
distr,y/h,"3062.50, 761.20",57.71266785243023,11.273178110995975,,
distr,e/h,"3062.50, 761.20",37.81126337346813,11.639911228438313,,
free,e/s,"3062.50, 761.20",48.07616352756395,12.254413138848845,,
foc,y/s,"1452.00, 163.50",92.29902425439423,12.155485715025277,,
free,e/h,"4417.00, 163.50",89.17204677285619,11.416359371459249,,
distr,e/s,"3062.50, 163.50",63.31837320095311,11.174740637071922,,
free,e/h,"3062.50, 761.20",78.40744858440301,12.27103560856171,,
free,e/s,"4417.00, 761.20",59.88618110759384,11.428651063974703,,
free,y/h,"4417.00, 761.20",51.11604629828439,11.315864366769398,,
distr,e/s,"1452.00, 761.20",87.14403367887115,11.240888078258989,,
foc,y/s,"3062.50, 163.50",62.22748697544926,12.278885150215405,,
distr,c,"2253.50, 267.50",93.13659056979816,11.7648319231797,,
foc,y/h,"2253.50, 267.50",77.62887676507371,12.171533852867542,,
foc,y/s,"3062.50, 163.50",86.06495661400325,11.938516219900473,,
free,y/h,"3062.50, 761.20",36.203111410691555,11.401341833991065,,
foc,e/h,"1452.00, 761.20",74.0325100058061,11.14862396516615,,
distr,c,"4417.00, 163.50",46.20712113076381,11.543850543423629,,
distr,y/s,"92.50, 163.50",35.812244555851144,11.760524386126006,,
foc,y/h,"92.50, 163.50",60.228005308493636,11.228175048100404,,
foc,y/s,"4417.00, 761.20",98.1330693672167,11.523938848161412,,
free,y/h,"4417.00, 761.20",55.69576124842856,12.278924852879536,,
free,y/h,"3062.50, 163.50",52.5037176775958,11.84930551785184,,
free,y/s,"3062.50, 163.50",66.61263653871956,11.466872433367733,,
foc,y/s,"3062.50, 163.50",49.20608418980016,11.359091703127422,,
distr,y/s,"2253.50, 267.50",72.61978345691503,12.075427613974968,,
free,y/h,"92.50, 761.20",62.28919767022356,12.190751400340014,,
free,y/s,"1452.00, 761.20",44.91741115019623,11.524090986918665,,
foc,y/s,"2253.50, 267.50",83.09493243682424,11.780968607942542,,
foc,c,"3062.50, 163.50",35.51771373254073,11.29700717504355,,
foc,y/s,"2253.50, 267.50",74.5956244616342,12.06169078211834,,
distr,c,"1452.00, 163.50",47.29886637251985,11.856779217917545,,
foc,e/h,"2253.50, 267.50",86.27232657530882,12.02710255959721,,
free,y/h,"4417.00, 761.20",56.13486292348782,11.519276175628342,,
distr,e/s,"3062.50, 163.50",60.16238962107897,12.3127149066307,,
distr,c,"4417.00, 163.50",44.47217462275392,11.20286106658055,,
distr,c,"3062.50, 761.20",76.67647493993647,11.394858260626528,,
free,y/s,"92.50, 761.20",79.63714535998284,12.07159408849905,,
distr,e/s,"4417.00, 761.20",89.18646136931744,11.743394870669432,,
distr,y/h,"1452.00, 163.50",74.45130360202731,12.080927484248166,,
distr,e/s,"92.50, 761.20",55.31833302074767,12.228037813909495,,
free,y/s,"2253.50, 267.50",45.994097563068784,12.323355999909925,,
free,e/h,"4417.00, 761.20",48.85627977527702,11.91331949339163,,
free,e/h,"92.50, 761.20",66.51074167415044,11.981123243693066,,
distr,e/s,"4417.00, 163.50",54.45515614087169,11.296789286915436,,
foc,y/s,"3062.50, 761.20",95.56928874288923,11.101737345722672,,
distr,c,"92.50, 163.50",33.71167536136093,12.080946580790934,,
distr,c,"92.50, 761.20",80.8620330023302,11.707199554760498,,
free,y/h,"3062.50, 163.50",72.94125369249014,12.169205037203135,,
free,y/s,"4417.00, 163.50",93.42798746643203,12.16589595015551,,
free,e/h,"1452.00, 761.20",38.82672461238148,11.249595979609802,,
distr,e/h,"3062.50, 163.50",48.53671842234396,11.49297537528056,,
distr,y/s,"4417.00, 163.50",30.309271233611028,11.398432377165495,,
free,e/s,"92.50, 163.50",49.963950273928134,11.99429324903465,,
foc,y/s,"2253.50, 267.50",95.20553658603886,12.262608984290171,,
free,y/h,"2253.50, 267.50",31.856048601983556,11.495431612610552,,
distr,y/h,"4417.00, 761.20",89.81356479018493,11.538734712758515,,
free,y/h,"92.50, 761.20",64.49721717271657,11.610511329247528,,
free,e/s,"92.50, 761.20",95.91925583937586,11.931751117306316,,
foc,e/h,"4417.00, 163.50",46.00197407548802,11.23066130821992,,
foc,c,"92.50, 761.20",90.64817869049094,11.587557058428994,,
distr,y/s,"92.50, 761.20",41.18291032161328,11.275061291681487,,
distr,c,"3062.50, 761.20",84.44673411582826,11.382078889700644,,
distr,e/s,"3062.50, 761.20",58.64025724975599,12.324646153963716,,
distr,e/s,"92.50, 163.50",54.23708444473657,12.172215428431919,,
free,y/h,"92.50, 761.20",95.90948900417641,11.987059599363079,,
foc,y/s,"2253.50, 267.50",35.82394288637345,12.312706771024791,,
distr,e/h,"3062.50, 163.50",42.258019047649654,11.506103612243878,,
free,y/h,"1452.00, 163.50",92.29323935271316,12.08792998470036,,
distr,y/s,"1452.00, 761.20",45.293949854961966,12.192087765909406,,
free,y/h,"3062.50, 163.50",51.30486904444237,11.490345837762876,,
distr,e/h,"92.50, 163.50",42.995456499156575,11.724874383517792,,
foc,y/s,"4417.00, 163.50",45.12141423175372,11.755906679278452,,
free,e/h,"1452.00, 163.50",64.6808547316345,11.465968393677922,,
foc,e/h,"1452.00, 761.20",54.56933680573038,11.15304219081922,,
distr,y/h,"92.50, 761.20",31.582818829283973,11.293088718591846,,
distr,c,"92.50, 761.20",38.35806213986777,12.03177631697152,,
foc,c,"2253.50, 267.50",33.19702294327564,12.179545277820415,,
distr,e/s,"1452.00, 761.20",36.97969663704375,12.077370169583448,,
free,c,"1452.00, 761.20",49.324215294462626,11.96845689614884,,
distr,y/h,"3062.50, 761.20",49.03522162454148,12.04342663467191,,
distr,e/h,"3062.50, 163.50",79.31464470304388,12.378714820950693,,
foc,e/h,"1452.00, 761.20",47.26240169673721,11.418593291259022,,
foc,e/h,"4417.00, 163.50",45.70798150089201,12.110988656989012,,
free,e/s,"3062.50, 163.50",60.45066349700691,12.243469665378496,,
foc,c,"4417.00, 163.50",36.801181805635835,11.754263721646355,,
distr,y/s,"4417.00, 761.20",80.74845148786676,11.512853914004525,,
foc,e/h,"2253.50, 267.50",47.6064132071935,11.706025595695392,,
distr,e/s,"4417.00, 761.20",79.62316986412628,11.703746328419419,,
foc,c,"3062.50, 163.50",54.733293755728845,11.154212385448055,,
free,y/h,"4417.00, 163.50",89.95765777938065,11.340565276896598,,
distr,e/h,"92.50, 761.20",66.83881103416442,11.725375614863353,,
distr,y/s,"92.50, 761.20",44.92421623006026,11.123330186012764,,
distr,y/s,"4417.00, 761.20",55.45150716727042,11.767966855210028,,
free,e/h,"4417.00, 761.20",89.83719875267279,11.448128924424031,,
distr,e/s,"1452.00, 761.20",43.564535835277624,12.264742401293246,,
distr,y/h,"4417.00, 163.50",56.328274251179295,11.517979290658033,,
free,e/h,"1452.00, 163.50",85.90593495108223,12.345595412690725,,
distr,e/h,"2253.50, 267.50",48.524834368230756,11.93113893631554,,
distr,e/h,"4417.00, 163.50",81.86513889717259,11.639124451409085,,
free,e/h,"4417.00, 761.20",67.02402865326007,11.950974519468602,,
free,y/h,"92.50, 163.50",76.10391573729169,11.502646830825078,,
distr,y/s,"2253.50, 267.50",83.77853486384174,12.039935056266767,,
foc,y/s,"4417.00, 163.50",79.72403165375482,11.427664740831561,,
free,c,"4417.00, 163.50",93.53323189013011,12.228140157422517,,
free,e/h,"1452.00, 761.20",48.749400061058886,11.407008870821684,,
free,e/s,"4417.00, 163.50",63.944084399220664,11.118839660711236,,
foc,e/h,"3062.50, 163.50",34.861564140104,11.907365069699807,,
free,e/s,"1452.00, 163.50",67.36890689998847,12.396002030896762,,
free,e/s,"1452.00, 163.50",95.45917696276643,12.211093963099152,,
foc,y/s,"3062.50, 761.20",45.86587078462518,12.330728418615156,,
foc,y/h,"1452.00, 761.20",65.80692118837568,12.12544609725618,,
distr,e/s,"3062.50, 761.20",91.44186197181811,11.263602678048366,,
foc,e/h,"4417.00, 761.20",52.45216439039707,11.293476933718559,,
free,e/h,"92.50, 163.50",60.38768356187703,12.220267698154188,,
foc,y/s,"92.50, 163.50",77.58433836406203,11.842427823262678,,
free,e/s,"92.50, 163.50",99.83550301625792,12.396071692526158,,
foc,e/s,"92.50, 163.50",33.933620038531764,12.152818800394794,,
foc,y/s,"2253.50, 267.50",96.10503890455207,11.949438479987075,,
foc,e/h,"4417.00, 163.50",95.12784293380896,11.853926233507547,,
free,e/s,"3062.50, 761.20",54.32428100298734,11.55373410731391,,
free,c,"92.50, 163.50",88.90679142764914,12.352392799473154,,
foc,y/s,"3062.50, 761.20",93.85666936151054,11.907069589065815,,
foc,y/h,"1452.00, 163.50",38.01004820583111,12.28794285318849,,
distr,y/s,"1452.00, 761.20",84.02204834283211,12.095985125141816,,
distr,e/h,"3062.50, 761.20",30.069629283403174,11.190338849099652,,
foc,y/s,"4417.00, 761.20",66.11717310162342,12.100622698021752,,
foc,e/h,"4417.00, 761.20",49.00573520028779,11.138449664863895,,
distr,e/h,"1452.00, 761.20",35.432002112456644,12.107583900687084,,
free,c,"92.50, 163.50",84.46497157313215,12.290743481626707,,
foc,e/s,"4417.00, 761.20",42.58570365406695,11.569082240785107,,
distr,y/h,"2253.50, 267.50",51.323740880220484,11.842096450679165,,
foc,e/s,"2253.50, 267.50",37.8376838292332,11.224331420734446,,
free,e/h,"92.50, 761.20",59.098215266609884,11.365901094843005,,
free,c,"1452.00, 163.50",61.473440476902425,12.191957533124608,,
foc,c,"4417.00, 163.50",74.61998310924554,11.295372716158091,,
foc,e/h,"3062.50, 163.50",44.79622484522013,12.053746063832769,,
foc,c,"92.50, 163.50",43.34323352876507,11.479801746699295,,
free,e/h,"4417.00, 761.20",46.28373948384065,12.04761653934885,,
distr,y/s,"4417.00, 761.20",49.81557176417978,11.289676799380674,,
free,e/h,"1452.00, 761.20",92.70171520527494,12.091616822738407,,
free,e/h,"3062.50, 163.50",42.729943535326484,11.820289415393153,,
free,y/s,"1452.00, 163.50",50.31129424666889,11.237964466606067,,
free,y/h,"3062.50, 163.50",73.79479599625992,11.528035686351163,,
free,y/h,"4417.00, 761.20",97.98214789667513,12.220475201460134,,
free,e/s,"3062.50, 761.20",73.79769766091205,11.573136707195275,,
free,y/h,"1452.00, 163.50",52.00416533467201,11.471290861118892,,
foc,c,"2253.50, 267.50",62.33931385881186,11.979751755607111,,
foc,c,"4417.00, 163.50",66.43128579062288,12.17329444651159,,
foc,e/h,"3062.50, 761.20",44.2630922062594,11.930280764839075,,
free,y/h,"92.50, 163.50",88.93180840865907,11.9212744163776,,
foc,y/h,"3062.50, 163.50",74.6024994260664,11.319998247835876,,
distr,y/s,"92.50, 163.50",91.37767936851539,12.062775956081584,,
free,c,"4417.00, 163.50",52.092284705129345,11.49941373326825,,
foc,y/h,"3062.50, 163.50",63.96518524691411,11.734156349004405,,
distr,c,"4417.00, 761.20",95.21337582803476,11.151372818789852,,
distr,e/s,"1452.00, 761.20",39.031939774567476,12.15447734537977,,
distr,e/h,"4417.00, 761.20",54.99343496939116,12.282113345088895,,
distr,y/h,"4417.00, 163.50",80.60625631287729,11.476896868454872,,
foc,e/s,"4417.00, 761.20",56.69145086163863,11.840797408395801,,
foc,c,"1452.00, 163.50",86.51947586891659,12.12502332111867,,
distr,c,"1452.00, 163.50",33.21845260349142,11.582130713847986,,
distr,c,"4417.00, 761.20",96.19343107160803,11.59807555798067,,
free,y/h,"3062.50, 761.20",62.598456265296576,11.542380158777883,,
foc,c,"4417.00, 163.50",95.72645496554858,11.302467530008082,,
free,y/s,"3062.50, 163.50",55.41392881833081,11.595269024591316,,
free,y/h,"3062.50, 163.50",61.384630642737946,11.668932356425893,,
foc,e/h,"4417.00, 761.20",65.93531239183494,11.356823260396913,,
foc,e/h,"92.50, 163.50",32.497903936041105,11.396373918237503,,
foc,e/s,"3062.50, 761.20",46.975783241901,11.449718101385825,,
free,e/s,"1452.00, 761.20",42.31815294713643,12.387826731630119,,
free,e/s,"4417.00, 163.50",57.42358583865612,11.115396612115967,,
distr,e/s,"92.50, 761.20",31.324183884074756,11.119605179913963,,
free,c,"4417.00, 163.50",48.128301727040544,11.949246418161914,,
free,y/s,"92.50, 761.20",57.69066022227674,11.74066409891,,
foc,c,"4417.00, 761.20",57.68598101327656,12.134939722650207,,
foc,y/s,"4417.00, 761.20",90.17023899946284,12.398345547878915,,
distr,y/h,"3062.50, 761.20",34.360045810959434,11.928975918878628,,
free,c,"4417.00, 761.20",60.577852550461216,11.295985480579105,,
foc,e/h,"3062.50, 163.50",80.75125204668194,12.187016025379332,,
distr,y/s,"3062.50, 761.20",83.3760316002146,12.158179953238776,,
free,e/s,"1452.00, 761.20",72.52915549909696,11.986236908118766,,
distr,y/s,"1452.00, 761.20",50.194797138137005,11.713239146102143,,
free,c,"1452.00, 163.50",77.24229372804437,11.591254652820531,,
distr,y/h,"2253.50, 267.50",54.04496276929973,12.107428809900796,,
foc,c,"1452.00, 163.50",65.35866517094271,11.418637724383746,,
distr,c,"3062.50, 163.50",66.66751349604499,11.416638585441614,,
free,y/h,"4417.00, 163.50",49.92020881309013,11.226611332633288,,
free,c,"4417.00, 761.20",78.93598646970358,11.477987952243993,,
foc,y/s,"1452.00, 163.50",73.10695182083515,11.730617660821714,,
foc,c,"3062.50, 761.20",86.73831112403276,11.553653244791063,,
foc,c,"1452.00, 761.20",80.66236999720998,11.582027573443304,,
free,e/h,"4417.00, 761.20",34.518582611968455,11.698717064829713,,
free,y/h,"3062.50, 163.50",61.9219558170069,11.225194855084498,,
free,y/s,"4417.00, 761.20",76.74653438764305,11.49353302389031,,
foc,e/s,"4417.00, 163.50",95.09836083643103,11.394333708153194,,
distr,y/s,"4417.00, 761.20",98.04073036892676,11.758742183112103,,
foc,e/h,"92.50, 163.50",83.83030781822256,11.267425955933982,,
free,c,"3062.50, 761.20",60.27756161032036,12.328039464564075,,
distr,c,"1452.00, 761.20",79.3371007767015,11.25744820681678,,
foc,y/h,"3062.50, 761.20",73.38383093733368,11.637867993459794,,
free,e/s,"92.50, 761.20",85.82079316092648,11.958323171801817,,
foc,y/s,"1452.00, 163.50",65.74598165405001,11.597875202125048,,
free,y/h,"1452.00, 163.50",83.42325116828391,11.717546306644497,,
free,c,"1452.00, 761.20",84.69158048344362,12.290406010797575,,
free,y/s,"92.50, 163.50",73.41901788988764,12.314242419506943,,
foc,y/s,"1452.00, 163.50",97.84560772952646,11.843758584286887,,
distr,e/s,"92.50, 163.50",32.002920706699214,12.14295208200404,,
foc,y/s,"4417.00, 163.50",88.66591540772603,11.598892146152785,,
distr,e/s,"1452.00, 163.50",65.36484971536304,12.366066550944435,,
free,e/h,"1452.00, 761.20",88.91729538851627,12.300001270961513,,
distr,y/h,"4417.00, 761.20",48.08816198883134,11.975418503552929,,
foc,e/h,"2253.50, 267.50",74.05167335788137,11.5577473082914,,
distr,c,"92.50, 761.20",97.66756299184976,11.740851726808902,,
free,y/h,"3062.50, 761.20",51.924570436387455,11.71007782123048,,
free,e/s,"4417.00, 163.50",95.13659640114278,11.94732208391528,,
distr,y/s,"1452.00, 163.50",40.76014146889486,11.816524961995357,,
distr,y/h,"2253.50, 267.50",91.5478403068049,11.68207399740676,,
foc,c,"2253.50, 267.50",98.79688285636341,11.914841159441464,,
foc,y/h,"92.50, 761.20",93.07430342885861,11.481677132010022,,
free,c,"4417.00, 163.50",68.25561410400134,11.962291143257271,,
free,c,"3062.50, 761.20",95.07669724925387,11.7759545053282,,
free,y/h,"1452.00, 163.50",75.05726889130763,11.95330876413724,,
free,e/h,"4417.00, 163.50",43.74265112727048,11.712719645809996,,
foc,y/s,"92.50, 761.20",81.03524891205026,11.37475269231241,,
foc,e/s,"92.50, 761.20",73.39557123810876,12.117941652464378,,
free,c,"92.50, 163.50",52.860074171935835,11.451972870395943,,
distr,y/s,"92.50, 163.50",49.30968267847423,11.335048522737187,,
free,e/s,"3062.50, 163.50",47.803652411683785,11.544252071513643,,
distr,c,"1452.00, 761.20",73.96701294029582,12.35941418576209,,
foc,c,"4417.00, 761.20",42.54056068830535,12.356722762483262,,
distr,y/s,"92.50, 163.50",39.138820365184976,11.615237571178223,,
foc,c,"2253.50, 267.50",58.74850393872166,11.46682450003932,,
distr,e/h,"92.50, 761.20",73.35207223332307,11.326404032215018,,
free,c,"3062.50, 761.20",65.74094649941374,11.998817614811246,,
foc,y/h,"2253.50, 267.50",82.15730715868081,11.661045328729305,,
free,e/s,"92.50, 761.20",55.74634180618645,11.375536213394284,,
distr,y/h,"2253.50, 267.50",63.33349867419114,11.755398156401041,,
foc,c,"3062.50, 163.50",32.156519836040324,11.198667357784055,,
foc,y/s,"2253.50, 267.50",91.71278835091505,12.352185502952388,,
foc,e/h,"3062.50, 761.20",92.46546726525749,12.352483353848724,,
foc,y/s,"1452.00, 163.50",77.06581872524745,11.92395112276239,,
distr,y/h,"4417.00, 163.50",99.62114768055037,11.181047134947708,,
foc,e/s,"1452.00, 163.50",53.057869117103536,11.186018350756921,,
free,y/s,"1452.00, 761.20",70.95171314490634,11.818390968069485,,
foc,y/s,"1452.00, 761.20",40.13123828948689,11.979713332882719,,
free,e/h,"4417.00, 761.20",76.30775210276754,11.12006181282413,,
foc,y/h,"4417.00, 761.20",49.293800113366586,11.394217981135446,,
foc,y/h,"92.50, 761.20",33.61765823206137,12.01725790788841,,
foc,y/s,"4417.00, 761.20",92.25964385535322,12.198069594591665,,
foc,c,"92.50, 761.20",69.66518472288291,12.219512975221683,,
foc,c,"1452.00, 761.20",41.189102628781995,11.291451174598647,,
distr,y/h,"3062.50, 163.50",55.77512597498913,11.918036580165012,,
free,e/s,"3062.50, 163.50",90.56833738895921,11.553202803301444,,
foc,e/s,"4417.00, 163.50",73.03335277470882,12.12052159387182,,
foc,y/s,"92.50, 163.50",36.64152940640172,11.545559504428322,,
distr,c,"92.50, 761.20",90.23108278781314,11.920737948506602,,
foc,e/s,"1452.00, 163.50",78.14889135141684,11.28538141387165,,
distr,y/h,"1452.00, 761.20",91.62039520159433,12.136514848036787,,
foc,y/h,"3062.50, 163.50",98.30021890066031,11.511978021341701,,
foc,e/s,"3062.50, 761.20",70.08530583252772,12.236495984986945,,
free,y/h,"1452.00, 761.20",41.58231454809554,11.832504844105756,,
free,y/s,"2253.50, 267.50",60.00828022392675,11.237851102291465,,
distr,c,"92.50, 163.50",48.894318511456085,11.613369874230912,,
distr,e/h,"92.50, 761.20",71.70673551425577,12.044230663464,,
free,y/s,"2253.50, 267.50",42.35170603127244,11.951445297108696,,
foc,y/h,"1452.00, 761.20",80.14634986455273,12.13118942148925,,
free,e/s,"92.50, 761.20",72.14369938772812,11.72937413923599,,
foc,y/h,"92.50, 761.20",74.17223725439855,11.71397472402766,,
foc,y/s,"92.50, 163.50",48.487516503793685,11.264592938796381,,
foc,y/s,"1452.00, 163.50",53.415463450368954,11.347384133618755,,
distr,c,"3062.50, 761.20",46.93753756092555,12.292421884770619,,
distr,c,"2253.50, 267.50",48.598961792857736,11.821010017695434,,
distr,e/h,"4417.00, 761.20",72.09477328111187,11.981868966840379,,
distr,y/s,"2253.50, 267.50",51.59644298190728,11.452267121707056,,
distr,e/s,"3062.50, 761.20",63.37172884681309,11.614467936896972,,
free,y/s,"4417.00, 761.20",50.5583191606336,11.49062395357847,,
free,c,"3062.50, 163.50",93.82746783205923,11.282138177996284,,
foc,y/s,"92.50, 761.20",77.234943370259,11.58458537806887,,
foc,e/s,"2253.50, 267.50",62.883125883491175,11.614327812699377,,
foc,e/h,"1452.00, 163.50",43.74646846636779,12.032897856320993,,
foc,y/h,"1452.00, 761.20",88.83939495677171,12.149288300134971,,
free,e/s,"92.50, 163.50",34.523731837394386,11.61147504860884,,
free,y/h,"1452.00, 761.20",45.51266917200245,11.916040197067291,,
free,c,"3062.50, 163.50",39.48070961883706,12.145025855978384,,
